{
    "plugins": [
        "mobi.monaca.plugins.Monaca"
    ],
    "framework_version": "3.5",
    "xcode_version": "6",
    "cordova_version": "5.2",
    "plugin_settings": [],
    "external_plugins": [
        "cordova-plugin-whitelist@1.0.0",
        "cordova-plugin-splashscreen@2.1.0",
        "cordova-plugin-media-capture@1.0.1",
        "cordova-plugin-media@1.0.1"
    ],
    "title-ja": "",
    "title-en": "",
    "description-ja": "",
    "description-en": "",
    "category": "User Template",
    "platform": [],
    "name": "generated-1465666242-575c49e47e2193ca537ffe0c"
}